key,title,year,month,day,journal,issn,volume,issue,pages,authors,url,language,publisher,location,abstract,notes,doi,keywords,pubmed_id,pmc_id
rayyan-435619250,Bias and discrimination in ML-based systems of administrative decision-making and support,2024,11,1,Computer Law & Security Review,2212-473X,55,,106070,"MAC, Trang Anh",https://www.sciencedirect.com/science/article/pii/S0267364924001365,,,,,"",https://doi.org/10.1016/j.clsr.2024.106070,Bias;Discrimination;AI;Machine learning;Decision-making;Support,,
rayyan-435619251,The level of strength of an explanation: A quantitative evaluation technique for post-hoc XAI methods,2025,5,1,Pattern Recognition,0031-3203,161,,111221,"Bello, Marilyn and Amador, Rosalís and García, María-Matilde and Ser, Javier Del and Mesejo, Pablo and Cordón, Óscar",https://www.sciencedirect.com/science/article/pii/S0031320324009725,,,,,"",https://doi.org/10.1016/j.patcog.2024.111221,Explainable artificial intelligence;Trustworthiness;Feature attribution;Quantitative evaluation;Likelihood ratio,,
rayyan-435619252,Continuous reinforcement learning via advantage value difference reward shaping: A proximal policy optimization perspective,2025,7,1,Engineering Applications of Artificial Intelligence,0952-1976,151,,110676,"Lin, Jiawei and Wei, Xuekai and Xian, Weizhi and Yan, Jielu and U, Leong Hou and Feng, Yong and Shang, Zhaowei and Zhou, Mingliang",https://www.sciencedirect.com/science/article/pii/S0952197625006761,,,,,"",https://doi.org/10.1016/j.engappai.2025.110676,Deep reinforcement learning;Continuous control tasks;Reward shaping;Advantage value difference;Temporal difference error,,
rayyan-435619253,Advancements in biomedical rendering: A survey on AI-based denoising techniques,2025,10,1,Computers in Biology and Medicine,0010-4825,197,,110979,"Denisova, Elena and Francia, Piergiorgio and Nardi, Cosimo and Bocchi, Leonardo",https://www.sciencedirect.com/science/article/pii/S0010482525013319,,,,,"",https://doi.org/10.1016/j.compbiomed.2025.110979,Realistic volumetric rendering;Diagnostic imaging;Artificial intelligence;Surveys and questionnaires,,
rayyan-435619254,UIR-ES: An unsupervised underwater image restoration framework with equivariance and stein unbiased risk estimator,2024,11,1,Image and Vision Computing,0262-8856,151,,105285,"Zhu, Jiacheng and Wen, Junjie and Hong, Duanqin and Lin, Zhanpeng and Hong, Wenxing",https://www.sciencedirect.com/science/article/pii/S0262885624003901,,,,,"",https://doi.org/10.1016/j.imavis.2024.105285,Underwater image restoration;Unsupervised learning;Equivariance;Stein unbiased risk estimator,,
rayyan-435619255,Including insider threats into risk management through Bayesian threat graph networks,2023,10,1,Computers & Security,0167-4048,133,,103410,"d'Ambrosio, Nicola and Perrone, Gaetano and Romano, Simon Pietro",https://www.sciencedirect.com/science/article/pii/S0167404823003206,,,,,"",https://doi.org/10.1016/j.cose.2023.103410,Insider threats;Risk assessment;Risk management;Bayesian attack graphs;Attack graphs;Data security,,
rayyan-435619256,"Hypothesis-driven information fusion in adversarial, deceptive environments",2011,4,1,Information Fusion,1566-2535,12,2,131-144,"Kott, Alexander and Singh, Rajdeep and McEneaney, William M. and Milks, Wes",https://www.sciencedirect.com/science/article/pii/S1566253510000771,,,,,"",https://doi.org/10.1016/j.inffus.2010.09.001,Information fusion;Military intelligence;Risk-sensitive control;Adversarial reasoning;Deception analysis,,
rayyan-435619257,A software tool for elicitation of expert knowledge about species richness or similar counts,2012,4,1,Environmental Modelling & Software,1364-8152,30,,1-14,"Fisher, Rebecca and O'Leary, Rebecca A. and Low-Choy, Samantha and Mengersen, Kerrie and Caley, M. Julian",https://www.sciencedirect.com/science/article/pii/S136481521100274X,,,,,"",https://doi.org/10.1016/j.envsoft.2011.11.011,Elicitation software;Estimating counts;Species richness;Expert elicitation;Expert opinion;Estimating counts,,
rayyan-435619258,Perceptions of Adolescents With Cancer Related to a Pain Management App and Its Evaluation: Qualitative Study Nested Within a Multicenter Pilot Feasibility Study,2018,4,1,JMIR mHealth and uHealth,2291-5222,6,4,,"Jibb, Lindsay A and Stevens, Bonnie J and Nathan, Paul C and Seto, Emily and Cafazzo, Joseph A and Johnston, Donna L and Hum, Vanessa and Stinson, Jennifer N",https://www.sciencedirect.com/science/article/pii/S2291522218001511,,,,,"",https://doi.org/10.2196/mhealth.9319,pain;adolescent;cancer;supportive care;mHealth;qualitative,,
rayyan-435619259,Determining the initial spatial extent of an environmental impact assessment with a probabilistic screening methodology,2018,11,1,Environmental Modelling & Software,1364-8152,109,,353-367,"Peeters, Luk J.M. and Pagendam, Daniel E. and Crosbie, Russell S. and Rachakonda, Praveen K. and Dawes, Warrick R. and Gao, Lei and Marvanek, Steve P. and Zhang, YongQiang and McVicar, Tim R.",https://www.sciencedirect.com/science/article/pii/S136481521830392X,,,,,"",https://doi.org/10.1016/j.envsoft.2018.08.020,Environmental impact assessment;Uncertainty analysis;Hydrogeology;Coal bed methane;Coal mining,,
rayyan-435619260,Probability propagation for path planning in unknown environments,2025,6,1,Intelligent Systems with Applications,2667-3053,26,,200527,"Di Gennaro, Giovanni and Buonanno, Amedeo and Fioretti, Giovanni and Verolla, Francesco and Palmieri, Francesco A.N. and Pattipati, Krishna R.",https://www.sciencedirect.com/science/article/pii/S2667305325000535,,,,,"",https://doi.org/10.1016/j.iswa.2025.200527,Bayesian networks;Factor graphs;Path planning;Unknown environment;Unknown goal position,,
rayyan-435619261,Pseudo-label guided selective mutual learning for semi-supervised 3D medical image segmentation,2025,2,1,Biomedical Signal Processing and Control,1746-8094,100,,107144,"Hang, Wenlong and Dai, Peng and Pan, Chengao and Liang, Shuang and Zhang, Qingfeng and Wu, Qiang and Jin, Yukun and Wang, Qiong and Qin, Jing",https://www.sciencedirect.com/science/article/pii/S1746809424012023,,,,,"",https://doi.org/10.1016/j.bspc.2024.107144,Semi-supervised learning;Confirmation bias;Pseudo-label;Medical image segmentation,,
rayyan-435619262,Understanding the peer review endeavor in scientific publishing,2022,5,1,Journal of Informetrics,1751-1577,16,2,101264,"Zhang, Guangyao and Xu, Shenmeng and Sun, Yao and Jiang, Chunlin and Wang, Xianwen",https://www.sciencedirect.com/science/article/pii/S1751157722000165,,,,,"",https://doi.org/10.1016/j.joi.2022.101264,Peer review;Publons;Review length;Peer review endeavor,,
rayyan-435619263,Web-based tool for expert elicitation of the variogram,2013,2,1,Computers & Geosciences,0098-3004,51,,390-399,"Truong, Phuong N. and Heuvelink, Gerard B.M. and Gosling, John Paul",https://www.sciencedirect.com/science/article/pii/S0098300412002890,,,,,"",https://doi.org/10.1016/j.cageo.2012.08.010,Spatial variability;Expert knowledge;Geostatistics;Subjective prior information,,
rayyan-435619264,Software feature refinement prioritization based on online user review mining,2019,4,1,Information and Software Technology,0950-5849,108,,30-34,"Zhang, Jianzhang and Wang, Yinglin and Xie, Tian",https://www.sciencedirect.com/science/article/pii/S0950584918302489,,,,,"",https://doi.org/10.1016/j.infsof.2018.12.002,Online software reviews;Feature extraction;Topic model;Feature refinement;Release planning,,
rayyan-435619265,How to identify and treat data inconsistencies when eliciting health-state utility values for patient-centered decision making,2020,6,1,Artificial Intelligence in Medicine,0933-3657,106,,101882,"Triantaphyllou, Evangelos and Yanase, Juri",https://www.sciencedirect.com/science/article/pii/S0933365718307334,,,,,"",https://doi.org/10.1016/j.artmed.2020.101882,Health-state utilities;Quality-Adjusted life years (QALYs);Shared decision making;Cost/utility analysis;Patient-Centered healthcare;Quadratic optimization,,
rayyan-435619266,Sequence effects in the estimation of software development effort,2020,1,1,Journal of Systems and Software,0164-1212,159,,110448,"Jørgensen, Magne and Halkjelsvik, Torleif",https://www.sciencedirect.com/science/article/pii/S0164121219302225,,,,,"",https://doi.org/10.1016/j.jss.2019.110448,Effort estimation;Human judgment;Sequence effect;Software development,,
rayyan-435619267,When providing optimistic and pessimistic scenarios can be detrimental to judgmental demand forecasts and production decisions,2019,3,16,European Journal of Operational Research,0377-2217,273,3,992-1004,"Goodwin, Paul and Gönül, M. Sinan and Önkal, Dilek",https://www.sciencedirect.com/science/article/pii/S0377221718308105,,,,,"",https://doi.org/10.1016/j.ejor.2018.09.033,Forecasting;Judgment;Extrapolation;Scenarios;Production planning,,
rayyan-435619268,The Effects of Objective Push-Type Sleep Feedback on Habitual Sleep Behavior and Momentary Symptoms in Daily Life: mHealth Intervention Trial Using a Health Care Internet of Things System,2022,10,1,JMIR mHealth and uHealth,2291-5222,10,10,,"Takeuchi, Hiroki and Suwa, Kaori and Kishi, Akifumi and Nakamura, Toru and Yoshiuchi, Kazuhiro and Yamamoto, Yoshiharu",https://www.sciencedirect.com/science/article/pii/S2291522222000365,,,,,"",https://doi.org/10.2196/39150,wearable activity monitor;smartphone app;sleep feedback;ecological momentary assessment;stabilized sleep timing;mood and physical symptoms,,
rayyan-435619269,The effects of optimistic and pessimistic biasing on software project status reporting,2007,3,1,Information & Management,0378-7206,44,2,130-141,"Snow, Andrew P. and Keil, Mark and Wallace, Linda",https://www.sciencedirect.com/science/article/pii/S0378720606001145,,,,,"",https://doi.org/10.1016/j.im.2006.10.009,Project management and scheduling;Reporting bias;Software project management;Traffic light reporting;Information theory,,
rayyan-435619270,Incorporation of expert knowledge in the statistical detection of diagnosis related group misclassification,2020,4,1,International Journal of Medical Informatics,1386-5056,136,,104086,"Suleiman, Mani and Demirhan, Haydar and Boyd, Leanne and Girosi, Federico and Aksakalli, Vural",https://www.sciencedirect.com/science/article/pii/S1386505619307920,,,,,"",https://doi.org/10.1016/j.ijmedinf.2020.104086,Bayesian analysis;Clinical coding;DRGs;Health informatics;Statistical modeling,,
rayyan-435619271,Physics-informed neural networks prediction approach for knowledge dissemination model considering knowledge media,2025,8,3,Knowledge-Based Systems,0950-7051,324,,113514,"Xia, Dan and He, Min and Mei, Jun and Min, QiuSha",https://www.sciencedirect.com/science/article/pii/S095070512500560X,,,,,"",https://doi.org/10.1016/j.knosys.2025.113514,Knowledge dissemination;Epidemic models;Physics-informed neural networks;Stability analysis;Parameter estimation,,
rayyan-435619272,Analysis and Prediction of Differential Operation and Maintenance Cost of Power Transmission and Transformation,2023,1,1,3rd International Conference on Machine Learning and Big Data Analytics for IoT Security and Privacy,1877-0509,228,,1277-1286,"Yang, Fan and Chen, Fulei and Zhao, Chen and Li, Jianqing and Kang, Jian",https://www.sciencedirect.com/science/article/pii/S187705092301918X,,,,,"",https://doi.org/10.1016/j.procs.2023.11.087,Power Transmission and Transformation Project;Operation and Maintenance Cost;Random Forest;Particle Swarm Optimization,,
rayyan-435619273,Revealing Pairs-trading opportunities with long short-term memory networks,2021,12,1,European Journal of Operational Research,0377-2217,295,2,772-791,"Flori, Andrea and Regoli, Daniele",https://www.sciencedirect.com/science/article/pii/S0377221721001995,,,,,"",https://doi.org/10.1016/j.ejor.2021.03.009,Finance;Machine learning;Pairs-trading;Statistical arbitrage;Neural networks,,
rayyan-435619274,Providing detection strategies to improve human detection of deepfakes: An experimental study,2023,12,1,Computers in Human Behavior,0747-5632,149,,107917,"Somoray, Klaire and Miller, Dan J.",https://www.sciencedirect.com/science/article/pii/S0747563223002686,,,,,"",https://doi.org/10.1016/j.chb.2023.107917,Deepfake;Human detection;Deepfake detection strategies;Accuracy;Confidence,,
rayyan-435619275,Identifying key AI challenges in make-to-order manufacturing organisations: A multiple case study,2025,12,1,Journal of Systems and Software,0164-1212,230,,112559,"Flyckt, Jonatan and Gorschek, Tony and Mendez, Daniel and Lavesson, Niklas",https://www.sciencedirect.com/science/article/pii/S0164121225002286,,,,,"",https://doi.org/10.1016/j.jss.2025.112559,Multiple case study;Artificial intelligence;Manufacturing;Make-to-order;Data requirements,,
rayyan-435619276,Investigating intentional distortions in software cost estimation – An exploratory study,2012,8,1,Journal of Systems and Software,0164-1212,85,8,1770-1781,"Magazinius, Ana and Börjesson, Sofia and Feldt, Robert",https://www.sciencedirect.com/science/article/pii/S0164121212000763,,,,,"",https://doi.org/10.1016/j.jss.2012.03.026,Cost estimation;Distortion;Human factors;Organizational factors;Organizational politics;Estimation inaccuracy;Software engineering;Empirical study,,
rayyan-435619277,Optimistic bias about online privacy risks: Testing the moderating effects of perceived controllability and prior experience,2010,9,1,Advancing Educational Research on Computer-supported Collaborative Learning (CSCL) through the use of gStudy CSCL Tools,0747-5632,26,5,987-995,"Cho, Hichang and Lee, Jae-Shin and Chung, Siyoung",https://www.sciencedirect.com/science/article/pii/S0747563210000373,,,,,"",https://doi.org/10.1016/j.chb.2010.02.012,Online privacy;Optimistic bias;Risk judgments;Perceived vulnerability;Perceived controllability;Prior experience,,
rayyan-435619278,Process mining for healthcare decision analytics with micro-costing estimations,2023,1,1,Artificial Intelligence in Medicine,0933-3657,135,,102473,"Leemans, Sander J.J. and Partington, Andrew and Karnon, Jonathan and Wynn, Moe T.",https://www.sciencedirect.com/science/article/pii/S0933365722002251,,,,,"",https://doi.org/10.1016/j.artmed.2022.102473,Process mining;Decision analytics;Healthcare economics,,
rayyan-435619279,Debiasing judgmental decisions by providing individual error pattern feedback,2026,3,1,Data & Knowledge Engineering,0169-023X,162,,102530,"Balla, Nathalie and Setzer, Thomas",https://www.sciencedirect.com/science/article/pii/S0169023X25001259,,,,,"",https://doi.org/10.1016/j.datak.2025.102530,Decision support system;Debiasing;Error feedback;Self-reflection;Collaborative intelligence,,
rayyan-435619280,A Patient Outcomes–Driven Feedback Platform for Emergency Medicine Clinicians: Human-Centered Design and Usability Evaluation of Linking Outcomes Of Patients (LOOP),2022,1,1,JMIR Human Factors,2292-9495,9,1,,"Strauss, Alexandra T and Morgan, Cameron and El Khuri, Christopher and Slogeris, Becky and Smith, Aria G and Klein, Eili and Toerper, Matt and DeAngelo, Anthony and Debraine, Arnaud and Peterson, Susan and Gurses, Ayse P and Levin, Scott and Hinson, Jeremiah",https://www.sciencedirect.com/science/article/pii/S2292949522000724,,,,,"",https://doi.org/10.2196/30130,emergency medicine;usability;human-centered design;health informatics;feedback;practice-based learning and improvement;emergency room;ER;platform;outcomes;closed-loop learning,,
rayyan-435619281,"Symptomatology, risk, and protective factors of gaming disorder: A network analytical approach",2023,11,1,Computers in Human Behavior,0747-5632,148,,107899,"Tang, Ming Chun and Ebrahimi, Omid V. and Cheng, Cecilia",https://www.sciencedirect.com/science/article/pii/S0747563223002509,,,,,"",https://doi.org/10.1016/j.chb.2023.107899,Gaming addiction;Problematic gaming;Network analysis;Risk factor;Protective factor;Maladaptive gaming cognition,,
rayyan-435619282,BGCSL: An unsupervised framework reveals the underlying structure of large-scale whole-brain functional connectivity networks,2025,3,1,Computer Methods and Programs in Biomedicine,0169-2607,260,,108573,"Zhang, Hua and Zeng, Weiming and Li, Ying and Deng, Jin and Wei, Boyang",https://www.sciencedirect.com/science/article/pii/S0169260724005662,,,,,"",https://doi.org/10.1016/j.cmpb.2024.108573,Brain FCNs;fMRI analysis;Deep graph structure learning;Graph contrastive learning,,
rayyan-435619283,Combining expert knowledge and local data for improved service life modeling of water supply networks,2013,4,1,Environmental Modelling & Software,1364-8152,42,,1-16,"Scholten, Lisa and Scheidegger, Andreas and Reichert, Peter and Maurer, Max",https://www.sciencedirect.com/science/article/pii/S1364815212002848,,,,,"",https://doi.org/10.1016/j.envsoft.2012.11.013,Scarce data;Expert knowledge elicitation;Expert aggregation;Bayesian inference;Water supply network;Service life modeling,,
rayyan-435619284,A spatially distributed risk screening tool to assess climate and land use change impacts on water-related ecosystem services,2016,9,1,Environmental Modelling & Software,1364-8152,83,,12-26,"Sample, James E. and Baber, Ingrid and Badger, Rebecca",https://www.sciencedirect.com/science/article/pii/S1364815216301475,,,,,"",https://doi.org/10.1016/j.envsoft.2016.05.011,Ecosystem services;Land use;Climate change;Adaptation;Qualitative risk assessment;Water resources,,
rayyan-435619285,Is review visibility fostering helpful votes? The role of review rank and review characteristics in the adoption of information,2024,4,1,Computers in Human Behavior,0747-5632,153,,108088,"Alzate, Miriam and Arce-Urriza, Marta and Cebollada, Javier",https://www.sciencedirect.com/science/article/pii/S0747563223004399,,,,,"",https://doi.org/10.1016/j.chb.2023.108088,eWOM;Online reviews;Review helpfulness;Review order;Review visibility,,
rayyan-435619286,Reasoning-based uncertainty estimation for scalable multidimensional media bias annotation: A benchmark across diverse media spaces,2026,2,15,Knowledge-Based Systems,0950-7051,334,,115058,"Liu, Yifan and Maussymbayeva, Aliya and Murzakhmetov, Aslanbek and Nemerenco, Alexandra and Li, Yike and Wang, Dong",https://www.sciencedirect.com/science/article/pii/S0950705125020969,,,,,"",https://doi.org/10.1016/j.knosys.2025.115058,Media bias identification;Human-LLM collaboration;Uncertainty estimation;Social media analysis,,
rayyan-435619287,Revolutionizing optical networks: The integration and impact of large language models,2025,10,1,Optical Switching and Networking,1573-4277,57,,100812,"Cruzes, Sergio",https://www.sciencedirect.com/science/article/pii/S1573427725000190,,,,,"",https://doi.org/10.1016/j.osn.2025.100812,Optical networks;Network automation;Large language models;Digital twins,,
rayyan-435619288,The quest of parsimonious XAI: A human-agent architecture for explanation formulation,2022,1,1,Artificial Intelligence,0004-3702,302,,103573,"Mualla, Yazan and Tchappi, Igor and Kampik, Timotheus and Najjar, Amro and Calvaresi, Davide and Abbas-Turki, Abdeljalil and Galland, Stéphane and Nicolle, Christophe",https://www.sciencedirect.com/science/article/pii/S0004370221001247,,,,,"",https://doi.org/10.1016/j.artint.2021.103573,Explainable artificial intelligence;Human-computer interaction;Multi-agent systems;Empirical user studies;Statistical testing,,
rayyan-435619289,Personal attacks decrease user activity in social networking platforms,2022,1,1,Computers in Human Behavior,0747-5632,126,,106972,"Urbaniak, Rafal and Ptaszyński, Michał and Tempska, Patrycja and Leliwa, Gniewosz and Brochocki, Maciej and Wroczyński, Michał",https://www.sciencedirect.com/science/article/pii/S0747563221002958,,,,,"",https://doi.org/10.1016/j.chb.2021.106972,Verbal aggression online;Personal attacks;Social media;Artificial intelligence;Online engagement,,
rayyan-435619290,A Novel Hybrid Deep Learning Framework with Metaheuristic Optimization for Accurate Software Effort Estimation,2025,,,SN Computer Science,,6,8,,"Badana, M. and Beesetti, B.K. and Sundari, M.R. and Ramya, P. and Rao, G.S.",https://www.scopus.com/inward/record.uri?eid=2-s2.0-105019110196&doi=10.1007%2Fs42979-025-04459-3&partnerID=40&md5=8305929dce2ce9bf91326f8e7a219472,,,,,Export Date: 19 January 2026; Cited By: 0,10.1007/s42979-025-04459-3,"",,
rayyan-435619291,Safeguarding youtube discussions: a framework for detecting anomalous commenter and engagement behaviors,2025,,,Social Network Analysis and Mining,,15,1,,"Shajari, S. and Agarwal, N.",https://www.scopus.com/inward/record.uri?eid=2-s2.0-105006760428&doi=10.1007%2Fs13278-025-01470-7&partnerID=40&md5=9110259c37c59a98608bcc9e39e6174c,,,,,Export Date: 19 January 2026; Cited By: 1,10.1007/s13278-025-01470-7,"",,
rayyan-435619292,Empirical Evaluation of Reasoning LLMs in Machinery Functional Safety Risk Assessment and the Limits of Anthropomorphized Reasoning,2025,,,Electronics (Switzerland),,14,18,,"Iyenghar, P.",https://www.scopus.com/inward/record.uri?eid=2-s2.0-105017007961&doi=10.3390%2Felectronics14183624&partnerID=40&md5=7fd94bfda12332645a8a25616aa91524,,,,,Export Date: 19 January 2026; Cited By: 1,10.3390/electronics14183624,"",,
rayyan-435619293,"THE IMPACT OF CORPORATE CULTURE OF DIGNITY ON COGNITIVE BIASES, STRATEGIC DECISION-MAKING AND TECHNICAL DEBT MANAGEMENT IN IT ENGINEERING",2025,,,Technology Audit and Production Reserves,,3,4,6-13,"Korobkina, T. and Dashenkova, N. and Danchenko, I. and Omelchenko, H.",https://www.scopus.com/inward/record.uri?eid=2-s2.0-105011830447&doi=10.15587%2F2706-5448.2025.329635&partnerID=40&md5=1280de3c8346cdcddd747204b60fee67,,,,,Export Date: 19 January 2026; Cited By: 0,10.15587/2706-5448.2025.329635,"",,
rayyan-435619294,How was my performance? Exploring the role of anchoring bias in AI-assisted decision making,2025,,,International Journal of Information Management,,82,,,"Carter, L. and Liu, D.",https://www.scopus.com/inward/record.uri?eid=2-s2.0-85217063073&doi=10.1016%2Fj.ijinfomgt.2025.102875&partnerID=40&md5=1336d26c3b6078b7c485f71da82aaab5,,,,,Export Date: 19 January 2026; Cited By: 10,10.1016/j.ijinfomgt.2025.102875,"",,
rayyan-435619295,Intelligence in RPA,2025,,,,,,,183-212,"Kumar, T. and Devi, S.",https://www.scopus.com/inward/record.uri?eid=2-s2.0-105008749470&doi=10.4018%2F979-8-3693-4365-4.ch008&partnerID=40&md5=e6e4848a548fd117f28b8b02683740f6,,,,,Export Date: 19 January 2026; Cited By: 0,10.4018/979-8-3693-4365-4.ch008,"",,
rayyan-435619296,To Rely or Not to Rely? Evaluating Interventions for Appropriate Reliance on Large Language Models,2025,,,,,,,,"Bo, J.Y. and Wan, S. and Anderson, A.",https://www.scopus.com/inward/record.uri?eid=2-s2.0-105005772617&doi=10.1145%2F3706598.3714097&partnerID=40&md5=cb8b36ffc62286ecb26de34e9c28c5f9,,,,,Export Date: 19 January 2026; Cited By: 0,10.1145/3706598.3714097,"",,
rayyan-435619297,"""When Two Wrongs Don't Make a Right"" - Examining Confirmation Bias and the Role of Time Pressure During Human-AI Collaboration in Computational Pathology",2025,,,,,,,,"Rosbach, E. and Ammeling, J. and Krügel, S. and Kießig, A. and Fritz, A. and Ganz, J. and Puget, C. and Donovan, T. and Klang , A. and Köller, M.C. and Bolfǎ, P. and Tecilla, M. and Denk, D. and Kiupel, M. and Paraschou, G. and Kok, M.K. and Haake, A.F.H. and de Krijger, R.R. and Sonnen, A.F.-P. and Kasantikul, T. and Dorrestein, G.M. and Smedley, R.C. and Stathonikos, N. and Uhl, M. and Bertram, C.A. and Riener, A. and Aubreville, M.",https://www.scopus.com/inward/record.uri?eid=2-s2.0-105005749959&doi=10.1145%2F3706598.3713319&partnerID=40&md5=01fe6f715e38b7e9e5877c06917b487e,,,,,Export Date: 19 January 2026; Cited By: 1,10.1145/3706598.3713319,"",,
rayyan-435619298,Trust Your Gut: Comparing Human and Machine Inference from Noisy Visualizations,2025,,,IEEE Transactions on Visualization and Computer Graphics,,31,1,754-764,"Koonchanok, R. and Papka, M.E. and Reda, K.",https://www.scopus.com/inward/record.uri?eid=2-s2.0-86000427533&doi=10.1109%2FTVCG.2024.3456182&partnerID=40&md5=9b2e0f98bc93dc8ccab4920726a03041,,,,,Export Date: 19 January 2026; Cited By: 0,10.1109/TVCG.2024.3456182,"",,
rayyan-435619299,The Influence of Personality Traits and Domain Knowledge on the Quality of Decision-Making in Engineering Design,2025,,,Applied Sciences (Switzerland),,15,2,,"Ahmad, M. and Wang, G.",https://www.scopus.com/inward/record.uri?eid=2-s2.0-85215819722&doi=10.3390%2Fapp15020518&partnerID=40&md5=48ec1d4332e4e4d2e0f0cbe43a954a30,,,,,Export Date: 19 January 2026; Cited By: 2,10.3390/app15020518,"",,
rayyan-435619300,Cognition-Driven Structural Prior for Instance-Dependent Label Transition Matrix Estimation,2025,,,IEEE Transactions on Neural Networks and Learning Systems,,36,2,3730-3743,"Zhang, R. and Cao, Z. and Yang, S. and Si, L. and Sun, H. and Xu, L. and Sun, F.",https://www.scopus.com/inward/record.uri?eid=2-s2.0-85182381291&doi=10.1109%2FTNNLS.2023.3347633&partnerID=40&md5=772507fc17dc2118402700b11662a354,,,,,Export Date: 19 January 2026; Cited By: 53,10.1109/TNNLS.2023.3347633,"",,
rayyan-435619301,am-ELO: A Stable Framework for Arena-based LLM Evaluation,2025,,,Proceedings of Machine Learning Research,,267,,38857-38868,"Liu, Z. and Li, J. and Zhuang, Y. and Liu, Q. and Shen, S. and Ouyang, J. and Cheng, M. and Wang, S.",https://www.scopus.com/inward/record.uri?eid=2-s2.0-105023640372&partnerID=40&md5=9788ab31676d9f2aff0e54b5b8d9f60e,,,,,Export Date: 19 January 2026; Cited By: 0,,"",,
rayyan-435619302,Effort Estimation in Agile and DevOps: A Systematic Literature Review of Stakeholder Dissatisfaction,2025,,,IEEE Access,,13,,167925-167941,"Ruk, S.A. and Mahmood, Y. and Azmi, A. and Firdaus Mohd Azmi, N. and Gul, S.",https://www.scopus.com/inward/record.uri?eid=2-s2.0-105013786007&doi=10.1109%2FACCESS.2025.3600321&partnerID=40&md5=941d572eddc2b96c6274a3379315009a,,,,,Export Date: 19 January 2026; Cited By: 0,10.1109/ACCESS.2025.3600321,"",,
rayyan-435619303,Anchorlogy: An Ontology for Anchoring Bias Detection in Forecasting,2025,,,Lecture Notes in Computer Science,,15701,,277-293,"Peixoto, M. and Baiao, F. and Guizzardi, R. and Guizzardi, G.",https://www.scopus.com/inward/record.uri?eid=2-s2.0-105009240782&doi=10.1007%2F978-3-031-94569-4_16&partnerID=40&md5=524bd82f5f05f848bedb8d4f115b5a04,,,,,Export Date: 19 January 2026; Cited By: 0,10.1007/978-3-031-94569-4_16,"",,
rayyan-435619304,Human-in-the-Loop Annotation for Image-Based Engagement Estimation: Assessing the Impact of Model Reliability on Annotation Accuracy,2025,,,Lecture Notes in Computer Science,,15770,,169-186,"Yadnakudige Subramanya, S. and Watanabe, K. and Dengel, A. and Ishimaru, S.",https://www.scopus.com/inward/record.uri?eid=2-s2.0-105008496278&doi=10.1007%2F978-3-031-93864-1_12&partnerID=40&md5=2ecdd9b08af653d79607b8076fd1d8aa,,,,,Export Date: 19 January 2026; Cited By: 1,10.1007/978-3-031-93864-1_12,"",,
rayyan-435619305,A Hybrid Metaheuristic Aware Enhanced Deep Learning Approach for Software Effort Estimation,2024,,,"Engineering, Technology and Applied Science Research",,14,6,19024-19029,"Badana, M. and Kranthi Kiran, M.K.",https://www.scopus.com/inward/record.uri?eid=2-s2.0-85211479778&doi=10.48084%2Fetasr.8890&partnerID=40&md5=d6a5a2fdb9c78f32d6c7cfd492befc95,,,,,Export Date: 19 January 2026; Cited By: 3,10.48084/etasr.8890,"",,
rayyan-435619306,MPE-HRNetL: A Lightweight High-Resolution Network for Multispecies Animal Pose Estimation,2024,,,Sensors,,24,21,,"Shen, J. and Jiang, Y. and Luo, J. and Wang, W.",https://www.scopus.com/inward/record.uri?eid=2-s2.0-85208557670&doi=10.3390%2Fs24216882&partnerID=40&md5=0984bac27246c6dd2a9134761a3bc6c4,,,,,Export Date: 19 January 2026; Cited By: 2,10.3390/s24216882,"",,
rayyan-435619307,Bridging the Gap between Time Management Research and Task Management App Design: A Study on the Integration of Planning Fallacy Mitigation Strategies,2024,,,,,,,,"Ahmetoglu, Y. and Brumby, D. and Cox, A.",https://www.scopus.com/inward/record.uri?eid=2-s2.0-85197793578&doi=10.1145%2F3663384.3663404&partnerID=40&md5=d29c524d0867b6335eb72a80c7ce8a6c,,,,,Export Date: 19 January 2026; Cited By: 5,10.1145/3663384.3663404,"",,
rayyan-435619308,Encouraging Disengagement: Using Eye Tracking to Examine Attention with Different Levels of Juicy Design,2024,,,,,,,,"Luz, A. and Marcher, F. and Nacke, L.E. and Vogel, D.",https://www.scopus.com/inward/record.uri?eid=2-s2.0-85195424987&doi=10.1145%2F3656650.3656694&partnerID=40&md5=7c5bba335141510bc271b22786193d35,,,,,Export Date: 19 January 2026; Cited By: 4,10.1145/3656650.3656694,"",,
rayyan-435619309,Detecting Users' Emotional States during Passive Social Media Use,2024,,,"Proceedings of the ACM on Interactive, Mobile, Wearable and Ubiquitous Technologies",,8,2,,"Gebhardt, C. and Brombach, A. and Luong, T. and Otmar Hilliges, O. and Holz, C.",https://www.scopus.com/inward/record.uri?eid=2-s2.0-85193530302&doi=10.1145%2F3659606&partnerID=40&md5=015e06556550b7ed2c6c2ab103066406,,,,,Export Date: 19 January 2026; Cited By: 3,10.1145/3659606,"",,
rayyan-435619310,To Cut or Not To Cut? A Systematic Exploration of Y-axis Truncation,2024,,,Conference on Human Factors in Computing Systems - Proceedings,,,,,"Long, S. and Kay, M.",https://www.scopus.com/inward/record.uri?eid=2-s2.0-85194855832&doi=10.1145%2F3613904.3642102&partnerID=40&md5=87f0666c0ee5c91186c0ea4d168c8a36,,,,,Export Date: 19 January 2026; Cited By: 6,10.1145/3613904.3642102,"",,
rayyan-435619311,CRTRE: Causal Rule Generation with Target Trial Emulation Framework,2024,,,,,,,144-158,"Wang, J. and Li, W. and Wang, H. and Lyu, H. and Thirukumaran, C.P. and Mesfin, A. and Yu, H. and Luo, J.",https://www.scopus.com/inward/record.uri?eid=2-s2.0-85218005477&doi=10.1109%2FBigData62323.2024.10825951&partnerID=40&md5=2d73b7dbf299547c77eceacf1fd5896d,,,,,Export Date: 19 January 2026; Cited By: 0,10.1109/BigData62323.2024.10825951,"",,
rayyan-435619312,Problem-driven visualization design of health and pollution big data,2024,,,InfoDesign,,21,2,,"Giannella, J.R. and Illarramendi, X. and Mauro, R.C. and Barcellos Oliveira, L. and Falconieri Santiago, I. and Esperança, C. and Kosminsky, D.",https://www.scopus.com/inward/record.uri?eid=2-s2.0-85207189459&doi=10.51358%2Fid.v21i2.1131&partnerID=40&md5=adee188f888ca21bd006920c858721da,,,,,Export Date: 19 January 2026; Cited By: 0,10.51358/id.v21i2.1131,"",,
rayyan-435619313,Risk Management,2024,,,,,,,1-312,"Alleman, G.B. and Quigley, J.M.",https://www.scopus.com/inward/record.uri?eid=2-s2.0-85196597917&doi=10.1201%2F9781003425465&partnerID=40&md5=adcb47f6a260d92af1fb69cdd4dcfe86,,,,,Export Date: 19 January 2026; Cited By: 5,10.1201/9781003425465,"",,
rayyan-435619315,CASES: A Cognition-Aware Smart Eyewear System for Understanding How People Read,2023,,,"Proceedings of the ACM on Interactive, Mobile, Wearable and Ubiquitous Technologies",,7,3,,"Qi, X. and Lu, Q. and Pan, W. and Zhao, Y. and Zhu, R. and Dong, M. and Chang, Y. and Lv, Q. and Dick, R.P. and Yang, F. and Lu, T. and Gu, N. and Shang, L.",https://www.scopus.com/inward/record.uri?eid=2-s2.0-85173586250&doi=10.1145%2F3610910&partnerID=40&md5=e357d41f306d5fe4111303923bfb1262,,,,,Export Date: 19 January 2026; Cited By: 9,10.1145/3610910,"",,
rayyan-435619316,Achieving Digital Wellbeing Through Digital Self-control Tools: A Systematic Review and Meta-analysis,2023,,,ACM Transactions on Computer-Human Interaction,,30,4,,"Monge Roffarello, A.M. and De Russis, L.",https://www.scopus.com/inward/record.uri?eid=2-s2.0-85171789410&doi=10.1145%2F3571810&partnerID=40&md5=44b552cf71ebb3d200e3a41ad62f9704,,,,,Export Date: 19 January 2026; Cited By: 79,10.1145/3571810,"",,
rayyan-435619317,Much more than a prediction: Expert-based software effort estimation as a behavioral act,2023,,,Empirical Software Engineering,,28,4,,"Matsubara, P.G.F. and Steinmacher, I. and Gadelha, B. and Conte, T.",https://www.scopus.com/inward/record.uri?eid=2-s2.0-85164178905&doi=10.1007%2Fs10664-023-10332-9&partnerID=40&md5=0eb3c604988f9eed5e0ec0f8f5c55f04,,,,,Export Date: 19 January 2026; Cited By: 5,10.1007/s10664-023-10332-9,"",,
rayyan-435619318,Willingness to grant access to personal information among augmented reality mobile app users,2023,,,Personal and Ubiquitous Computing,,27,2,363-377,"Taub, G. and Elmalech, A. and Aharony, N.",https://www.scopus.com/inward/record.uri?eid=2-s2.0-85142280031&doi=10.1007%2Fs00779-022-01700-1&partnerID=40&md5=e24242037c76563106e56658807a4fd5,,,,,Export Date: 19 January 2026; Cited By: 1,10.1007/s00779-022-01700-1,"",,
rayyan-435619319,A Survey on Task Assignment in Crowdsourcing,2023,,,ACM Computing Surveys,,55,3,,"Hettiachchi, D. and Kostakos, V. and Goncalves, J.",https://www.scopus.com/inward/record.uri?eid=2-s2.0-85131557856&doi=10.1145%2F3494522&partnerID=40&md5=f7fecad278b4cf8b6fcaba9467129cc8,,,,,Export Date: 19 January 2026; Cited By: 65,10.1145/3494522,"",,
rayyan-435619320,What Drives Front-End Innovation in Fem-Tech Startups? Insights from a Quantitative Study,2023,,,,,,,240-247,"Chakraborty, I. and Ilavarasan, P.V. and Nandhini, K. and Edirippulige, S.",https://www.scopus.com/inward/record.uri?eid=2-s2.0-85172291197&doi=10.1109%2FICDH60066.2023.00057&partnerID=40&md5=7a096955c8a37f5447492cfb5f9f9eb0,,,,,Export Date: 19 January 2026; Cited By: 0,10.1109/ICDH60066.2023.00057,"",,
rayyan-435619321,Tackling uncertainty through probabilistic modelling of proportionality in military operations,2023,,,"European Conference on Information Warfare and Security, ECCWS",,2023,,276-284,"Maathuis, C. and Chockalingam, S.",https://www.scopus.com/inward/record.uri?eid=2-s2.0-85167622755&partnerID=40&md5=601778f0ab5d170f0084239ac1a4fe54,,,,,Export Date: 19 January 2026; Cited By: 3,,"",,
rayyan-435619322,Quantifying Worker Reliability for Crowdsensing Applications: Robust Feedback Rating and Convergence,2023,,,IEEE Transactions on Mobile Computing,,22,1,459-471,"Xie, H. and Lui, J.C.S.",https://www.scopus.com/inward/record.uri?eid=2-s2.0-85104251051&doi=10.1109%2FTMC.2021.3072477&partnerID=40&md5=97128ee975fce16becdcc5345f903f3a,,,,,Export Date: 19 January 2026; Cited By: 2,10.1109/TMC.2021.3072477,"",,
rayyan-435619323,Forecasting tunnel boring machine penetration rate using LSTM deep neural network optimized by grey wolf optimization algorithm,2022,,,Expert Systems with Applications,,209,,,"Mahmoodzadeh, A. and Reza Nejati, H.R. and Mohammadi, M. and Hashim Ibrahim, H. and Rashidi, S. and Rashid, T.",https://www.scopus.com/inward/record.uri?eid=2-s2.0-85135292935&doi=10.1016%2Fj.eswa.2022.118303&partnerID=40&md5=0f3f3f92423a1336ec953b52ed611dc8,,,,,Export Date: 19 January 2026; Cited By: 111,10.1016/j.eswa.2022.118303,"",,
rayyan-435619324,Unconscious Other’s Impression Changer: A Method to Manipulate Cognitive Biases That Subtly Change Others’ Impressions Positively/Negatively by Making AI Bias in Emotion Estimation AI,2022,,,Sensors,,22,24,,"Futami, K. and Yanase, S. and Murao, K. and Terada, T.",https://www.scopus.com/inward/record.uri?eid=2-s2.0-85144570985&doi=10.3390%2Fs22249961&partnerID=40&md5=f59cc9ea20982b0e2f921536da1b8ddb,,,,,Export Date: 19 January 2026; Cited By: 1,10.3390/s22249961,"",,
rayyan-435619325,Do You See What You Mean? Using Predictive Visualizations to Reduce Optimism in Duration Estimates,2022,,,Conference on Human Factors in Computing Systems - Proceedings,,,,,"Koval, M. and Jansen, Y.",https://www.scopus.com/inward/record.uri?eid=2-s2.0-85130529796&doi=10.1145%2F3491102.3502010&partnerID=40&md5=859cec9fb8fe25adf676a1e59090563c,,,,,Export Date: 19 January 2026; Cited By: 9,10.1145/3491102.3502010,"",,
rayyan-435619326,How should we design violin plots?,2022,,,,,,,1-7,"Molina, E. and Viale, L. and Vázquez, P.",https://www.scopus.com/inward/record.uri?eid=2-s2.0-85146337634&doi=10.1109%2FVisGuides57787.2022.00006&partnerID=40&md5=e82a30f0f3462996e57b2353bbdc0ffb,,,,,Export Date: 19 January 2026; Cited By: 12,10.1109/VisGuides57787.2022.00006,"",,
rayyan-435619327,The Impacts of Primacy/Recency Effects on Item Review Sentiment Analysis,2022,,,CEUR Workshop Proceedings,,3222,,33-45,"Gjergjizi, B. and Tran, T.N.T. and Felfernig, A.",https://www.scopus.com/inward/record.uri?eid=2-s2.0-85139973756&partnerID=40&md5=105a09b68d3e1fbe60b4e43bf4e0fd68,,,,,Export Date: 19 January 2026; Cited By: 1,,"",,
rayyan-435619328,An Approach to Reduction of the Number of Pair-Wise Alternative Comparisons During Individual and Group Decision-Making,2022,,,Studies in Computational Intelligence,,1022,,163-183,"Tsyganok, V. and Andriichuk, O. and Kadenko, S. and Porplenko, Y. and Vlasenko, O.",https://www.scopus.com/inward/record.uri?eid=2-s2.0-85127654354&doi=10.1007%2F978-3-030-94910-5_9&partnerID=40&md5=839c8c8e624bd882d4dbaea76a723bb7,,,,,Export Date: 19 January 2026; Cited By: 2,10.1007/978-3-030-94910-5_9,"",,
rayyan-435619329,Is it possible to disregard obsolete requirements? a family of experiments in software effort estimation,2021,,,Requirements Engineering,,26,3,459-480,"Gren, L. and Berntsson-Svensson, R.",https://www.scopus.com/inward/record.uri?eid=2-s2.0-85104452176&doi=10.1007%2Fs00766-021-00351-7&partnerID=40&md5=b20821de7ba8e1b6131911e95b391224,,,,,Export Date: 19 January 2026; Cited By: 6,10.1007/s00766-021-00351-7,"",,
rayyan-435619330,Computational phenotyping of brain-behavior dynamics underlying approach-avoidance conflict in major depressive disorder,2021,,,PLOS Computational Biology,,17,5,,"Pedersen, M.L. and Ironside, M. and Amemori, K.-I. and McGrath, C.L. and Kang, M.S. and Graybiel, A.M. and Pizzagalli, D.A. and Frank, M.J.",https://www.scopus.com/inward/record.uri?eid=2-s2.0-85106291769&doi=10.1371%2Fjournal.pcbi.1008955&partnerID=40&md5=88ca47cbafc89d1a35403efc6daf425a,,,,,Export Date: 19 January 2026; Cited By: 41,10.1371/journal.pcbi.1008955,"",,
rayyan-435619331,AP-10K: A Benchmark for Animal Pose Estimation in the Wild,2021,,,Advances in Neural Information Processing Systems,,,,,"Yu, H. and Xu, Y. and Zhang, J. and Zhao, W. and Guan, Z. and Tao, D.",https://www.scopus.com/inward/record.uri?eid=2-s2.0-105000375367&partnerID=40&md5=ba787fd559f724c6ad569aa46f5186bc,,,,,Export Date: 19 January 2026; Cited By: 86,,"",,
rayyan-435619332,CrowdCog:ACognitive Skill basedSystem for Heterogeneous Task Assignment and Recommendation in Crowdsourcing,2020,,,Proceedings of the ACM on Human-Computer Interaction,,4,,,"Hettiachchi, D. and van Berkel, N. and Kostakos, V. and Goncalves, J.",https://www.scopus.com/inward/record.uri?eid=2-s2.0-85094195257&doi=10.1145%2F3415181&partnerID=40&md5=9b738c68f2205f544fcd598bdc7da0e5,,,,,Export Date: 19 January 2026; Cited By: 37,10.1145/3415181,"",,
rayyan-435619333,Hybrid Approach for Lower Limb Joint Angle Estimation using Genetic Algorithm and Feedforward Neural Network,2020,,,"Conference Proceedings - IEEE International Conference on Systems, Man and Cybernetics",,2020,,3922-3927,"Obo, T. and Arai, S. and Matsuda, T. and Kurihara, Y.",https://www.scopus.com/inward/record.uri?eid=2-s2.0-85098854889&doi=10.1109%2FSMC42975.2020.9283281&partnerID=40&md5=16b0aacd8874f6d98c584b187f535293,,,,,Export Date: 19 January 2026; Cited By: 2,10.1109/SMC42975.2020.9283281,"",,
rayyan-435619334,How psychosocial well-being and usage amount predict inaccuracies in retrospective estimates of digital technology use,2020,,,Mobile Media and Communication,,8,3,379-399,"Sewall, C.J.R. and Bear, T.M. and Merranko, J. and Rosen, D.",https://www.scopus.com/inward/record.uri?eid=2-s2.0-85083157799&doi=10.1177%2F2050157920902830&partnerID=40&md5=cc00f6ec0bb7424ee31af69ebdd1f78b,,,,,Export Date: 19 January 2026; Cited By: 104,10.1177/2050157920902830,"",,
rayyan-435619335,Painometry: Wearable and objective quantification system for acute postoperative pain,2020,,,,,,,419-433,"Truong, H. and Bui, N. and Raghebi, Z. and Čeko, M. and Pham, N. and Nguyen, P. and Nguyen, A. and Kim, T. and Siegfried, K. and Stene, E. and Tvrdy, T. and Weinman, L. and Payne, T. and Burke, D. and Dinh, T. and D’Mello, S. and Banaei-Kashani, F. and Wager, T. and Goldstein, P. and Vu, T.",https://www.scopus.com/inward/record.uri?eid=2-s2.0-85088110479&doi=10.1145%2F3386901.3389022&partnerID=40&md5=bb41d614eac0ebeea1ec6524b7da1ddd,,,,,Export Date: 19 January 2026; Cited By: 8,10.1145/3386901.3389022,"",,
rayyan-435619336,How much AI do you require? Decision factors for adopting AI technology,2020,,,,,,,,"Wanner, J. and Heinrich, K. and Janiesch, C. and Zschech, P.",https://www.scopus.com/inward/record.uri?eid=2-s2.0-85099537611&partnerID=40&md5=0958a73e399d8c123e887e8063c1955c,,,,,Export Date: 19 January 2026; Cited By: 23,,"",,
rayyan-435619337,Quantifying voter biases in online platforms: An instrumental variable approach,2019,,,Proceedings of the ACM on Human-Computer Interaction,,3,,,"Dev, H. and Karahalios, K. and Sundaram, H.",https://www.scopus.com/inward/record.uri?eid=2-s2.0-85075052044&doi=10.1145%2F3359222&partnerID=40&md5=4734b83320f00bdc1edd2db805ff0125,,,,,Export Date: 19 January 2026; Cited By: 7,10.1145/3359222,"",,
rayyan-435619338,Interpreting Silent Gesture: Cognitive Biases and Rational Inference in Emerging Language Systems,2019,,,Cognitive Science,,43,7,,"Schouwstra, M. and de Swart, H. and Thompson, B.",https://www.scopus.com/inward/record.uri?eid=2-s2.0-85069043422&doi=10.1111%2Fcogs.12732&partnerID=40&md5=ad7bab49763020f17ab1a19aa3814b37,,,,,Export Date: 19 January 2026; Cited By: 11,10.1111/cogs.12732,"",,
rayyan-435619339,Assessing the accuracy of diagnostic probability estimation: Evidence for defeasible modus ponens,2019,,,International Journal of Approximate Reasoning,,105,,229-240,"Stilgenbauer, J.-L. and Baratgin, J.",https://www.scopus.com/inward/record.uri?eid=2-s2.0-85057775405&doi=10.1016%2Fj.ijar.2018.11.015&partnerID=40&md5=28f08bc1f3effcbb21e8a1adf1b42a21,,,,,Export Date: 19 January 2026; Cited By: 5,10.1016/j.ijar.2018.11.015,"",,
rayyan-435619340,When algorithmic predictions use human-generated data: A bias-aware classification algorithm for breast cancer diagnosis,2019,,,Information Systems Research,,30,1,97-116,"Ahsen, M.E. and Ayvaci, M.U.S. and Raghunathan, S.",https://www.scopus.com/inward/record.uri?eid=2-s2.0-85065427066&doi=10.1287%2Fisre.2018.0789&partnerID=40&md5=54fc85a39ff6986a2739e0211737f1e8,,,,,Export Date: 19 January 2026; Cited By: 60,10.1287/isre.2018.0789,"",,
rayyan-435619341,An experimental evaluation of a de-biasing intervention for professional software developers,2018,,,Proceedings of the ACM Symposium on Applied Computing,,,,1510-1517,"Shepperd, M. and Mair, C. and Jørgensen, M.",https://www.scopus.com/inward/record.uri?eid=2-s2.0-85050545193&doi=10.1145%2F3167132.3167293&partnerID=40&md5=61bf62e712c505c14d430e6885d99d55,,,,,Export Date: 19 January 2026; Cited By: 19,10.1145/3167132.3167293,"",,
rayyan-435619342,Thinking-driven testing: The most reasonable approach to quality control,2018,,,,,,,1-305,"Roman, A.",https://www.scopus.com/inward/record.uri?eid=2-s2.0-85046022509&doi=10.1007%2F978-3-319-73195-7&partnerID=40&md5=9a3c836bfeec494772aab685a1928398,,,,,Export Date: 19 January 2026; Cited By: 4,10.1007/978-3-319-73195-7,"",,
rayyan-435619343,Can the outside-view approach improve planning decisions in software development projects?,2016,,,Information Systems Journal,,26,4,395-418,"Shmueli, O. and Pliskin, N. and Fink, L.",https://www.scopus.com/inward/record.uri?eid=2-s2.0-84945971918&doi=10.1111%2Fisj.12091&partnerID=40&md5=289aca5fc9280add2b608a5af71869a7,,,,,Export Date: 19 January 2026; Cited By: 32,10.1111/isj.12091,"",,
rayyan-435619344,A Bayesian cogntive approach to quantifying software exploitability based on reachability testing,2016,,,Lecture Notes in Computer Science,,9866,,343-365,"Yan, G. and Kucuk, Y. and Slocum, M. and Last, D.C.",https://www.scopus.com/inward/record.uri?eid=2-s2.0-84988418427&doi=10.1007%2F978-3-319-45871-7_21&partnerID=40&md5=fd88113abe0ed92be58fccce1dbe837d,,,,,Export Date: 19 January 2026; Cited By: 1,10.1007/978-3-319-45871-7_21,"",,
rayyan-435619345,Belief dynamics and biases in web search,2015,,,ACM Transactions on Information Systems,,33,4,,"White, R.W. and Horvitz, E.",https://www.scopus.com/inward/record.uri?eid=2-s2.0-84929171867&doi=10.1145%2F2746229&partnerID=40&md5=41df4ddfeae505e8c428e9b940428356,,,,,Export Date: 19 January 2026; Cited By: 37,10.1145/2746229,"",,
rayyan-435619346,How task familiarity and cognitive predispositions impact behavior in a security game of timing,2014,,,Proceedings. The Computer Security Foundations Workshop III,,2014,,111-122,"Grossklags, J. and Reitter, D.",https://www.scopus.com/inward/record.uri?eid=2-s2.0-84939646313&doi=10.1109%2FCSF.2014.16&partnerID=40&md5=c4c4c3305b77d7b07449a7dc7f21d958,,,,,Export Date: 19 January 2026; Cited By: 17,10.1109/CSF.2014.16,"",,
rayyan-435619347,Influence of confirmation biases of developers on software quality: An empirical study,2013,,,Software Quality Journal,,21,2,377-416,"Çalıklı, G. and Basar, A.B.",https://www.scopus.com/inward/record.uri?eid=2-s2.0-84875477125&doi=10.1007%2Fs11219-012-9180-0&partnerID=40&md5=bcfb9e0f063708e69b9c688aa7c4c823,,,,,Export Date: 19 January 2026; Cited By: 28,10.1007/s11219-012-9180-0,"",,
rayyan-435619349,The impact of confirmation bias on the releasebased defect prediction of developer groups,2013,,,"Proceedings of the International Conference on Software Engineering and Knowledge Engineering, SEKE",,2013,,461-466,"Çalıklı, G. and Basar, A.B.",https://www.scopus.com/inward/record.uri?eid=2-s2.0-84937706159&partnerID=40&md5=155cfd16f2d8bb81e0d0ae24cdc4f09a,,,,,Export Date: 19 January 2026; Cited By: 0,,"",,
rayyan-435619350,Performance norms: An approach to rework reduction in software development,2012,,,,,,,,"Conroy, P. and Kruchten, P.",https://www.scopus.com/inward/record.uri?eid=2-s2.0-84870407409&doi=10.1109%2FCCECE.2012.6335063&partnerID=40&md5=85f995e8d445e8da1ca76603e29d29e9,,,,,Export Date: 19 January 2026; Cited By: 3,10.1109/CCECE.2012.6335063,"",,
rayyan-435619352,Designing IS service strategy: An information acceleration approach,2012,,,European Journal of Information Systems,,21,1,87-98,"Richard, P.J. and Coltman, T.R. and Keating, B.W.",https://www.scopus.com/inward/record.uri?eid=2-s2.0-84856994585&doi=10.1057%2Fejis.2010.62&partnerID=40&md5=f1f4fbbb5717cb711f6cf192272c5da9,,,,,Export Date: 19 January 2026; Cited By: 17,10.1057/ejis.2010.62,"",,
rayyan-435619353,Toward a theory of debiasing software development,2011,,,Lecture Notes in Business Information Processing,,93,,92-105,"Ralph, P.",https://www.scopus.com/inward/record.uri?eid=2-s2.0-82955184640&doi=10.1007%2F978-3-642-25676-9_8&partnerID=40&md5=5894905472e923cb9507a513d6c455bd,,,,,Export Date: 19 January 2026; Cited By: 28,10.1007/978-3-642-25676-9_8,"",,
rayyan-435619354,Decision support in car leasing: A forecasting model for residual value estimation,2010,,,,,,,,"Lessmann, S. and Listiani, M. and Voß, S.",https://www.scopus.com/inward/record.uri?eid=2-s2.0-84870971347&partnerID=40&md5=81871e1f701e5f7b86db20891fc9d2f5,,,,,Export Date: 19 January 2026; Cited By: 19,,"",,
rayyan-435619355,Breeding software test cases for complex systems,2004,,,Proceedings of the Hawaii International Conference on System Science,,37,,4847-4856,"Watkins, A. and Berndt, D. and Aebischer, K. and Fisher, J. and Johnson, L.",https://www.scopus.com/inward/record.uri?eid=2-s2.0-12344306014&doi=10.1109%2Fhicss.2004.1265712&partnerID=40&md5=98be642b2bd2890be20874dc82f97e2e,,,,,Export Date: 19 January 2026; Cited By: 19,10.1109/hicss.2004.1265712,"",,
rayyan-435619356,"Software engineering project management, estimation and metrics: Discussion summary and recommendations",1996,,,,,,,500-503,"Paynter, J.",https://www.scopus.com/inward/record.uri?eid=2-s2.0-85061151276&doi=10.1109%2FSEEP.1996.534043&partnerID=40&md5=589b80c93af3b4b743f4551b898aab93,,,,,Export Date: 19 January 2026; Cited By: 0,10.1109/SEEP.1996.534043,"",,
rayyan-435619359,"Relations Between Effort Estimates, Skill Indicators, and Measured Programming Skill",2021,,,IEEE Transactions on Software Engineering,1939-3520     VO  - 47,47,12,2892-2906,M. Jørgensen and G. R. Bergersen and K. Liestøl,,,,,,"",10.1109/TSE.2020.2973638,Software engineering;Psychology;Programming profession;Estimation;Java;D.2.9.b cost estimation;D.2.1.d management;D.2.0 software engineering;D.2.0b software psychology,,
rayyan-435619361,Software Development Estimation Biases: The Role of Interdependence,2012,,,IEEE Transactions on Software Engineering,1939-3520     VO  - 38,38,3,677-693,M. Jorgensen and S. Grimstad,,,,,,"",10.1109/TSE.2011.40,Estimation;Software;Companies;Context;Programming;Outsourcing;Instruments;Effort estimation;estimation bias;cultural differences;software engineering.,,
rayyan-435619362,Reliability and Accuracy of the Estimation Process - Wideband Delphi vs. Wisdom of Crowds,2011,,,2011 IEEE 35th Annual Computer Software and Applications Conference,0730-3157     VO  - ,,,350-359,M. G. Stochel,,,,,,"",10.1109/COMPSAC.2011.53,Estimation;Wideband;Software;Accuracy;Reliability;Psychology;Humans;Wisdom of Crowds;Wideband Delphi;estimation;estimation accuracy;estimation reliability,,
rayyan-435619363,Cognitive bias in the verification and validation of space flight systems,2012,,,2012 IEEE Aerospace Conference,1095-323X     VO  - ,,,1-10,S. Larson,,,,,,"",10.1109/AERO.2012.6187404,Accuracy;Testing;Probability;Meteorology;Availability;Mars,,
rayyan-435619364,Preliminaries on the Accurate Estimation of the Hurst Exponent Using Time Series,2021,,,2021 IEEE International Conference on Automation/XXIV Congress of the Chilean Association of Automatic Control (ICA-ACCA),     VO  - ,,,1-8,G. Millán and R. Osorio-Comparán and G. Lefranc,,,,,,"",10.1109/ICAACCA51523.2021.9465274,High-speed networks;Gaussian noise;Conferences;Time series analysis;Estimation;Computer networks;Fractals;Fractality;High-speed computer network;Hurst exponent (H);Time series;Traffic flows,,
rayyan-435619365,A Dynamic Theory of Security Free-Riding by Firms in the WFH Age,2022,,,2022 Winter Simulation Conference (WSC),1558-4305     VO  - ,,,484-495,R. Pal and R. X. Sequeira and L. Zhu and Y. She,,,,,,"",10.1109/WSC57314.2022.10015385,COVID-19;Costs;Pandemics;Aggregates;Organizations;Benchmark testing;Nash equilibrium,,
rayyan-435619366,Longitudinal Face Modeling via Temporal Deep Restricted Boltzmann Machines,2016,,,2016 IEEE Conference on Computer Vision and Pattern Recognition (CVPR),1063-6919     VO  - ,,,5772-5780,C. N. Duong and K. Luu and K. G. Quach and T. D. Bui,,,,,,"",10.1109/CVPR.2016.622,Face;Aging;Shape;Computational modeling;Databases;Forensics;Feature extraction,,
rayyan-435619368,Trustworthy Visual-Textual Retrieval,2025,,,IEEE Transactions on Image Processing,1941-0042     VO  - 34,34,,4515-4526,Y. Qin and L. Huang and D. Peng and B. Jiang and J. Tianyi Zhou and X. Peng and P. Hu,,,,,,"",10.1109/TIP.2025.3587575,Uncertainty;Visualization;Reliability;Predictive models;Artificial intelligence;Training;Semantics;Measurement uncertainty;Data models;Cross modal retrieval;Visual-textual retrieval;trustworthy cross-modal learning;uncertainty learning;multimodal learning,,
rayyan-435619369,Make Object Connect: A Pose Estimation Network for UAV Images of the Outdoor Scene,2022,,,IGARSS 2022 - 2022 IEEE International Geoscience and Remote Sensing Symposium,2153-7003     VO  - ,,,7827-7830,J. Cao and Y. You and L. Xia and J. Liu,,,,,,"",10.1109/IGARSS46834.2022.9884183,Point cloud compression;Geometry;Visualization;Image segmentation;Pose estimation;Feature extraction;Cameras;pose estimation;feature matching;unmanned aerial vehicle (UA V);3D reconstruction,,
rayyan-435619370,Uncertainty handling and cognitive biases in knowledge engineering,1993,,,"IEEE Transactions on Systems, Man, and Cybernetics",2168-2909     VO  - 23,23,2,563-570,M. L. Donell and P. E. Lehner,,,,,,"",10.1109/21.229469,Uncertainty;Knowledge engineering;Robotics and automation;Orbital robotics;Service robots;Cognitive robotics;Automatic control;Parallel robots;Energy consumption;Null space,,
rayyan-435619371,A pricing approach to enhance the adaptability and accuracy of real estate price: An empirical study,2010,,,2010 International Conference on Management Science & Engineering 17th Annual Conference Proceedings,2155-1855     VO  - ,,,1638-1645,Z. Qing-hua and C. Bin-Wu and P. Xv,,,,,,"",10.1109/ICMSE.2010.5720002,Pricing;Biological system modeling;Marketing and sales;Industries;Investments;Analytical models;Economics;AHP;econometrics;price;real estate,,
rayyan-435619372,Discriminating different color from EEG signals using Interval-Type 2 fuzzy space classifier (a neuro-marketing study on the effect of color to cognitive state),2016,,,"2016 IEEE 1st International Conference on Power Electronics, Intelligent Control and Energy Systems (ICPEICES)",     VO  - ,,,1-6,A. Rakshit and R. Lahiri,,,,,,"",10.1109/ICPEICES.2016.7853388,Color;Electroencephalography;EEG;Neuro-Marketing;Color;PSD;IT2FS;Mental Arousal;Friedman Test;Precision;Recall Value,,
rayyan-435619373,"Trustworthiness evaluation in digital supply chains: a metric-based, stakeholder-driven approach",2025,,,International Conference on AI and the Digital Economy (CADE 2025),     VO  - 2025,2025,,161-166,M. Asante and G. Epiphaniou and C. Maple,,,,,,"",10.1049/icp.2025.2979,"",,
rayyan-435619374,Video acuity assessment in mobile devices,2015,,,2015 IEEE Conference on Computer Communications (INFOCOM),0743-166X     VO  - ,,,1-9,E. Baik and A. Pande and C. Stover and P. Mohapatra,,,,,,"",10.1109/INFOCOM.2015.7218361,Streaming media;Distortion;Measurement;Mobile communication;Visualization;Accuracy;Mobile handsets;Video Quality;Quality of Experience;Mobile Video,,
rayyan-435619375,Perceptual Alignment of Spatial Auditory and Tactile Stimuli for Effective Directional Cueing,2025,,,IEEE Transactions on Visualization and Computer Graphics,1941-0506     VO  - 31,31,5,2589-2599,D. Lee and S. Choi,,,,,,"",10.1109/TVCG.2025.3549128,Location awareness;Azimuth;Actuators;Accuracy;Multisensory integration;Visualization;Hazards;Ear;Training;Spatial audio;Audio-Tactile;Spatial Audio;Tactile Cueing;Crossmodal Congruence;Multisensory Integration;Avoidance,,
rayyan-435619376,Distributed Resource Allocation for Human-Autonomy Teaming With Human Preference Uncertainty,2025,,,IEEE Control Systems Letters,2475-1456     VO  - 9,9,,2327-2332,Y. Yao and R. Mbagna Nanko and Y. Wang and X. Wang,,,,,,"",10.1109/LCSYS.2025.3604959,Uncertainty;Probabilistic logic;Discrete Fourier transforms;Resource management;Autonomous agents;Vectors;Decision making;Standards;Gaussian distribution;Distributed algorithms;Distributed resource allocation;human-autonomy teaming;human preference uncertainty,,
rayyan-435619377,Object Ownership Processing in Peripersonal Space: An Electroencephalographic Study,2025,,,Journal of Cognitive Neuroscience,0898-929X     VO  - 37,37,10,1774-1786,L. Lenglart and C. Roger and A. Sampaio and Y. Coello,,,,,,"",10.1162/jocn_a_02337,"",,
rayyan-435619378,Blockchain Trust and Risk Perception Influencing Millennial Cryptocurrency Investment Decisions,2025,,,2025 4th International Conference on Creative Communication and Innovative Technology (ICCIT),     VO  - ,,,1-7,B. Tiara and J. Suwita and Kusnadi and T. Nurhaeni and A. Asmawati and D. Apriliasari and S. A. Anjani,,,,,,"",10.1109/ICCIT65724.2025.11167522,Statistical analysis;Shape;Decision making;Smart contracts;Systems architecture;Real-time systems;Blockchains;Cryptocurrency;Systems simulation;Investment;Blockchain Trust;Risk Perception;Cryptocurrency Investment;Millennial Investors;Behavioral Biases,,
rayyan-435619379,An online cognitive bias task: the Rough Estimation Task using Qualtrics,2020,2,,BEHAVIOURAL PHARMACOLOGY,"[""0955-8810"", ""1473-5849""]",31,1,97-101,"Wilcockson, TDW and Pothos, EM and Cox, WM",,,,,,"",10.1097/FBP.0000000000000508,"",,
rayyan-435619388,Feasibility of Streamlining an Interactive Bayesian-Based Diagnostic Support Tool Designed for Clinical Practice,2016,,,MEDICAL IMAGING 2016: PACS AND IMAGING INFORMATICS: NEXT GENERATION AND INNOVATIONS,"[""0277-786X"", ""1996-756X"", ""978-1-5106-0024-9""]",9789,,,"Chen, PH and Botzolakis, E and Mohan, S and Bryan, RN and Cook, T",,,,,,"",10.1117/12.2216574,"",,
rayyan-435619389,"More time, more work: How time limits bias estimates of task scope and project duration",2020,11,,JUDGMENT AND DECISION MAKING,1930-2975,15,6,994-1008,"Goswami, I and Urminsky, O",,,,,,"",,"",,
rayyan-435619390,Impact of Request Formats on Effort Estimation: Are LLMs Different Than Humans?,2025,6,,Proc. ACM Softw. Eng.,,2,,,"Calikli, G\""{u}l and Alhamed, Mohammed",https://doi.org/10.1145/3715771,,Association for Computing Machinery,"New York, NY, USA",,"",10.1145/3715771,Cognitive bias;Empirical software engineering;Human judgement;Large Language Models (LLMs);Software effort estimation,,
rayyan-435619393,Accessibility Education for Software Engineers: Evaluating the Impact of Game-Based Learning,2025,12,,ACM Trans. Comput. Educ.,,,,,"Parthasarathy, P D and Joshi, Swaroop",https://doi.org/10.1145/3785367,,Association for Computing Machinery,"New York, NY, USA",,Just Accepted,10.1145/3785367,digital accessibility;game-based learning (GBL);serious games;Web content accessibility guidelines (WCAG);Teaching-learning of Software professionals,,
rayyan-435619394,Anchoring and adjustment in software estimation - Proceedings of the 10th European Software Engineering Conference Held Jointly with 13th ACM SIGSOFT International Symposium on Foundations of Software Engineering,2005,,,,,,,346–355,"Aranda, Jorge and Easterbrook, Steve",https://doi.org/10.1145/1081706.1081761,,Association for Computing Machinery,"New York, NY, USA",,"",10.1145/1081706.1081761,anchoring and adjustment;cognitive bias;effort estimation;empirical software engineering,,
rayyan-435619395,Anchoring and adjustment in software estimation,2005,9,,SIGSOFT Softw. Eng. Notes,0163-5948,30,5,346–355,"Aranda, Jorge and Easterbrook, Steve",https://doi.org/10.1145/1095430.1081761,,Association for Computing Machinery,"New York, NY, USA",,"",10.1145/1095430.1081761,anchoring and adjustment;cognitive bias;effort estimation;empirical software engineering,,
rayyan-435619397,Digital Interventions for Treating Adolescent Anxiety: A Meta-Analysis on Randomized Controlled Trials - Proceedings of the 2024 4th International Conference on Bioinformatics and Intelligent Computing,2024,,,,,,,323–330,"Li, Huidong and Zhou, Ting and Huang, Zheng and Tang, Shuo",https://doi.org/10.1145/3665689.3665744,,Association for Computing Machinery,"New York, NY, USA",,"",10.1145/3665689.3665744,"",,
rayyan-435619398,Toward A Two-Sided Fairness Framework in Search and Recommendation - Proceedings of the 2023 Conference on Human Information Interaction and Retrieval,2023,,,,,,,236–246,"Liu, Jiqun",https://doi.org/10.1145/3576840.3578332,,Association for Computing Machinery,"New York, NY, USA",,"",10.1145/3576840.3578332,Two-sided fairness;human bias;information retrieval;recommender system;system bias,,
rayyan-435619399,Paving the way for mature secondary research: the seven types of literature review - Proceedings of the 30th ACM Joint European Software Engineering Conference and Symposium on the Foundations of Software Engineering,2022,,,,,,,1632–1636,"Ralph, Paul and Baltes, Sebastian",https://doi.org/10.1145/3540250.3560877,,Association for Computing Machinery,"New York, NY, USA",,"",10.1145/3540250.3560877,Literature review;secondary research;systematic review,,
rayyan-435619400,Comparative Analysis of Input-Output Indicator System Method and DEA Method for Measuring R&amp;D Project Input and Output: An Empirical Study Based on Telecommunication Operators - Proceedings of the 2025 2nd International Conference on Innovation Management and Information System,2025,,,,,,,15–24,"Yang, Bai and Qi, Mingzhen and Huang, Shi",https://doi.org/10.1145/3745676.3745679,,Association for Computing Machinery,"New York, NY, USA",,"",10.1145/3745676.3745679,DEA;Indicator System;Input-Output;OAT;R&amp;D Management Efficiency;Strategic R&amp;D,,
rayyan-435619401,Risk Assessment of Target Procurement Price Based on AHP-CRITIC Combined Weighting and K-Means Algorithm - Proceedings of the 2025 International Conference on Economic Management and Big Data Application,2025,,,,,,,483–490,"Wang, Pei and Zhong, Qianghui",https://doi.org/10.1145/3770177.3770255,,Association for Computing Machinery,"New York, NY, USA",,"",10.1145/3770177.3770255,AHP-CRITIC weighting;Fuzzy comprehensive evaluation;K-Means algorithm;Machine learning;Procurement risk assessment,,
rayyan-435619402,Energy-Aware Benchmarking of Wearable Eye Trackers - Proceedings of the 2025 Symposium on Eye Tracking Research and Applications,2025,,,,,,,,"Carminati, Marco and Melloni, Filippo and Marano, Giulio and Pettenella, Alberto and Bani, Daniele and Crafa, Daniele Maria and Aspesi, Andrea and Duchowski, Andrew and Ongarello, Tommaso and Merigo, Luca",https://doi.org/10.1145/3715669.3727348,,Association for Computing Machinery,"New York, NY, USA",,"",10.1145/3715669.3727348,eye tracking;validation;data quality;standard,,
rayyan-435619403,"Classifying Hate: Legal and Ethical Evaluations of ML-Assisted Hate Crime Classification and Estimation in Sweden - Proceedings of the 2025 ACM Conference on Fairness, Accountability, and Transparency",2025,,,,,,,195–208,"Sargeant, Holli and Waldetoft, Hannes and Magnusson, M\r{a}ns",https://doi.org/10.1145/3715275.3732016,,Association for Computing Machinery,"New York, NY, USA",,"",10.1145/3715275.3732016,Hate Crime Classification;Automated Crime Classification;Algorithmic Bias;Criminal Justice;Responsible AI;Procedural Justice,,
rayyan-435619404,Are We Asking the Right Questions?: Designing for Community Stakeholders’ Interactions with AI in Policing - Proceedings of the 2024 CHI Conference on Human Factors in Computing Systems,2024,,,,,,,,"Haque, MD Romael and Saxena, Devansh and Weathington, Katy and Chudzik, Joseph and Guha, Shion",https://doi.org/10.1145/3613904.3642738,,Association for Computing Machinery,"New York, NY, USA",,"",10.1145/3613904.3642738,algorithmic crime mapping;human-AI decision-making;problem formulation;public sector algorithms,,
rayyan-435619405,Argus: Multi-View Egocentric Human Mesh Reconstruction Based on Stripped-Down Wearable mmWave Add-on - Proceedings of the 23rd ACM Conference on Embedded Networked Sensor Systems,2025,,,,,,,1–14,"Duan, Di and Lyu, Shengzhe and Yuan, Mu and Xue, Hongfei and Li, Tianxing and Xu, Weitao and Wu, Kaishun and Xing, Guoliang",https://doi.org/10.1145/3715014.3722045,,Association for Computing Machinery,"New York, NY, USA",,"",,"",,
rayyan-435619406,The Recognition of Different Angles of Pattern in Mice through Computer-Based Visual Discrimination - Proceedings of the 7th International Conference on Cyber Security and Information Engineering,2022,,,,,,,855–859,"Sun, Ludi and Li, Xing and Li, Changtai",https://doi.org/10.1145/3558819.3565206,,Association for Computing Machinery,"New York, NY, USA",,"",10.1145/3558819.3565206,"",,
rayyan-435619407,"UbiPhysio: Support Daily Functioning, Fitness, and Rehabilitation with Action Understanding and Feedback in Natural Language",2024,3,,Proc. ACM Interact. Mob. Wearable Ubiquitous Technol.,,8,1,,"Wang, Chongyang and Feng, Yuan and Zhong, Lingxiao and Zhu, Siyi and Zhang, Chi and Zheng, Siqi and Liang, Chen and Wang, Yuntao and He, Chengqi and Yu, Chun and Shi, Yuanchun",https://doi.org/10.1145/3643552,,Association for Computing Machinery,"New York, NY, USA",,"",10.1145/3643552,action understanding;activities of daily life;feedback generation;fitness;rehabilitation,,
rayyan-435619409,Who Should I Trust: AI or Myself? Leveraging Human and AI Correctness Likelihood to Promote Appropriate Trust in AI-Assisted Decision-Making - Proceedings of the 2023 CHI Conference on Human Factors in Computing Systems,2023,,,,,,,,"Ma, Shuai and Lei, Ying and Wang, Xinru and Zheng, Chengbo and Shi, Chuhan and Yin, Ming and Ma, Xiaojuan",https://doi.org/10.1145/3544548.3581058,,Association for Computing Machinery,"New York, NY, USA",,"",10.1145/3544548.3581058,AI-Assisted Decision-making;Human-AI Collaboration;Trust Calibration;Trust in AI,,
rayyan-435619410,Smart Grid Cyber-Physical Situational Awareness of Complex Operational Technology Attacks: A Review,2023,2,,ACM Comput. Surv.,0360-0300,55,10,,"Nafees, Muhammad Nouman and Saxena, Neetesh and Cardenas, Alvaro and Grijalva, Santiago and Burnap, Pete",https://doi.org/10.1145/3565570,,Association for Computing Machinery,"New York, NY, USA",,"",10.1145/3565570,Smart grid;threat modeling;complex cyber-physical attacks;operational technology attacks;intrusion detection system;deep learning;federated learning;moving target defense;co-simulation;situational awareness;metrics,,
rayyan-435619411,"Uncertainty as a Form of Transparency: Measuring, Communicating, and Using Uncertainty - Proceedings of the 2021 AAAI/ACM Conference on AI, Ethics, and Society",2021,,,,,,,401–413,"Bhatt, Umang and Antor\'{a}n, Javier and Zhang, Yunfeng and Liao, Q. Vera and Sattigeri, Prasanna and Fogliato, Riccardo and Melan\c{c}on, Gabrielle and Krishnan, Ranganath and Stanley, Jason and Tickoo, Omesh and Nachman, Lama and Chunara, Rumi and Srikumar, Madhulika and Weller, Adrian and Xiang, Alice",https://doi.org/10.1145/3461702.3462571,,Association for Computing Machinery,"New York, NY, USA",,"",10.1145/3461702.3462571,machine learning;transparency;uncertainty;visualization,,
rayyan-435619412,How People Deploy Dimensional Information to Estimate Relative Values - Proceedings of the 9th International Symposium on Visual Information Communication and Interaction,2016,,,,,,,83–90,"Li, Yi-Na and Li, Dong-Jin",https://doi.org/10.1145/2968220.2968240,,Association for Computing Machinery,"New York, NY, USA",,"",10.1145/2968220.2968240,Information visualization;dimensional information;perceptual bias;relative value estimation;visual cue,,
